<?xml version="1.0" encoding="UTF-8" ?>
<!DOCTYPE mapper PUBLIC "-//mybatis.org//DTD Mapper 3.0//EN" "http://mybatis.org/dtd/mybatis-3-mapper.dtd" >
<mapper namespace="com.huaan.shop.dao.CourseUserInfoMapper" >
  <resultMap id="BaseResultMap" type="com.huaan.shop.model.CourseUserInfo" >
    <id column="id" property="id" jdbcType="INTEGER" />
    <result column="uid" property="uid" jdbcType="INTEGER" />
    <result column="cid" property="cid" jdbcType="INTEGER" />
  </resultMap>
  <sql id="Base_Column_List" >
    id, uid, cid
  </sql>
  <select id="selectByPrimaryKey" resultMap="BaseResultMap" parameterType="java.lang.Integer" >
    select 
    <include refid="Base_Column_List" />
    from course_user_info
    where id = #{id,jdbcType=INTEGER}
  </select>
  <delete id="deleteByPrimaryKey" parameterType="java.lang.Integer" >
    delete from course_user_info
    where id = #{id,jdbcType=INTEGER}
  </delete>
  <insert id="insert" parameterType="com.huaan.shop.model.CourseUserInfo" >
    insert into course_user_info (id, uid, cid)
    values (#{id,jdbcType=INTEGER}, #{uid,jdbcType=INTEGER}, #{cid,jdbcType=INTEGER})
  </insert>
  <insert id="insertSelective" parameterType="com.huaan.shop.model.CourseUserInfo" >
    insert into course_user_info
    <trim prefix="(" suffix=")" suffixOverrides="," >
      <if test="id != null" >
        id,
      </if>
      <if test="uid != null" >
        uid,
      </if>
      <if test="cid != null" >
        cid,
      </if>
    </trim>
    <trim prefix="values (" suffix=")" suffixOverrides="," >
      <if test="id != null" >
        #{id,jdbcType=INTEGER},
      </if>
      <if test="uid != null" >
        #{uid,jdbcType=INTEGER},
      </if>
      <if test="cid != null" >
        #{cid,jdbcType=INTEGER},
      </if>
    </trim>
  </insert>
  <update id="updateByPrimaryKeySelective" parameterType="com.huaan.shop.model.CourseUserInfo" >
    update course_user_info
    <set >
      <if test="uid != null" >
        uid = #{uid,jdbcType=INTEGER},
      </if>
      <if test="cid != null" >
        cid = #{cid,jdbcType=INTEGER},
      </if>
    </set>
    where id = #{id,jdbcType=INTEGER}
  </update>
  <update id="updateByPrimaryKey" parameterType="com.huaan.shop.model.CourseUserInfo" >
    update course_user_info
    set uid = #{uid,jdbcType=INTEGER},
      cid = #{cid,jdbcType=INTEGER}
    where id = #{id,jdbcType=INTEGER}
  </update>
</mapper>