<?xml version="1.0" encoding="UTF-8" ?>
<!DOCTYPE mapper PUBLIC "-//mybatis.org//DTD Mapper 3.0//EN" "http://mybatis.org/dtd/mybatis-3-mapper.dtd" >
<mapper namespace="org.andy.shop.dao.CourseInfoMapper" >
  <resultMap id="BaseResultMap" type="org.andy.shop.model.CourseInfo" >
    <id column="id" property="id" jdbcType="INTEGER" />
    <result column="cname" property="cname" jdbcType="VARCHAR" />
    <result column="caddress" property="caddress" jdbcType="VARCHAR" />
  </resultMap>
  <sql id="Base_Column_List" >
    id, cname, caddress
  </sql>
  <select id="selectByPrimaryKey" resultMap="BaseResultMap" parameterType="java.lang.Integer" >
    select 
    <include refid="Base_Column_List" />
    from course_info
    where id = #{id,jdbcType=INTEGER}
  </select>
  <delete id="deleteByPrimaryKey" parameterType="java.lang.Integer" >
    delete from course_info
    where id = #{id,jdbcType=INTEGER}
  </delete>
  <insert id="insert" parameterType="org.andy.shop.model.CourseInfo" >
    insert into course_info (id, cname, caddress
      )
    values (#{id,jdbcType=INTEGER}, #{cname,jdbcType=VARCHAR}, #{caddress,jdbcType=VARCHAR}
      )
  </insert>
  <insert id="insertSelective" parameterType="org.andy.shop.model.CourseInfo" >
    insert into course_info
    <trim prefix="(" suffix=")" suffixOverrides="," >
      <if test="id != null" >
        id,
      </if>
      <if test="cname != null" >
        cname,
      </if>
      <if test="caddress != null" >
        caddress,
      </if>
    </trim>
    <trim prefix="values (" suffix=")" suffixOverrides="," >
      <if test="id != null" >
        #{id,jdbcType=INTEGER},
      </if>
      <if test="cname != null" >
        #{cname,jdbcType=VARCHAR},
      </if>
      <if test="caddress != null" >
        #{caddress,jdbcType=VARCHAR},
      </if>
    </trim>
  </insert>
  <update id="updateByPrimaryKeySelective" parameterType="org.andy.shop.model.CourseInfo" >
    update course_info
    <set >
      <if test="cname != null" >
        cname = #{cname,jdbcType=VARCHAR},
      </if>
      <if test="caddress != null" >
        caddress = #{caddress,jdbcType=VARCHAR},
      </if>
    </set>
    where id = #{id,jdbcType=INTEGER}
  </update>
  <update id="updateByPrimaryKey" parameterType="org.andy.shop.model.CourseInfo" >
    update course_info
    set cname = #{cname,jdbcType=VARCHAR},
      caddress = #{caddress,jdbcType=VARCHAR}
    where id = #{id,jdbcType=INTEGER}
  </update>
</mapper>