<?xml version="1.0" encoding="UTF-8"?>
<beans xmlns="http://www.springframework.org/schema/beans"
	xmlns:mvc="http://www.springframework.org/schema/mvc" xmlns:xsi="http://www.w3.org/2001/XMLSchema-instance"
	xmlns:p="http://www.springframework.org/schema/p" xmlns:context="http://www.springframework.org/schema/context"
	xsi:schemaLocation="http://www.springframework.org/schema/beans 
		http://www.springframework.org/schema/beans/spring-beans-4.1.xsd 
		http://www.springframework.org/schema/context 
		http://www.springframework.org/schema/context/spring-context-4.1.xsd 
		http://www.springframework.org/schema/mvc 
		http://www.springframework.org/schema/mvc/spring-mvc-4.1.xsd">

	<!-- 自动扫描controller包下的所有类，如果@Controller注入为bean -->
	<context:component-scan base-package="org.andy.shop.controller" />

	<!-- 避免IE执行AJAX时,返回JSON出现下载文件 -->
	<bean id="mappingJacksonHttpMessageConverter"
		class="org.springframework.http.converter.json.MappingJackson2HttpMessageConverter">
		<property name="supportedMediaTypes">
			<list>
				<value>text/html;charset=UTF-8</value>
			</list>
		</property>
	</bean>

	<!-- 启动Spring MVC的注解功能，完成请求和注解POJO的映射 -->
	<bean
		class="org.springframework.web.servlet.mvc.annotation.AnnotationMethodHandlerAdapter">
		<property name="messageConverters">
			<list>
				<!-- json转换器 -->
				<ref bean="mappingJacksonHttpMessageConverter" />
			</list>
		</property>
	</bean>

	<!-- 对模型视图名称的解析，即在模型视图名称添加前后缀 -->
	<bean
		class="org.springframework.web.servlet.view.InternalResourceViewResolver">
		<property name="viewClass"
			value="org.springframework.web.servlet.view.JstlView" />
		<property name="prefix" value="/WEB-INF/views" />
		<property name="suffix" value=".jsp" />
	</bean>

	<!-- 配置多文件上传 -->
	<bean id="multipartResolver"
		class="org.springframework.web.multipart.commons.CommonsMultipartResolver">
		<property name="defaultEncoding">
			<value>UTF-8</value>
		</property>
		<property name="maxUploadSize">
			<!-- 上传文件大小限制为31M，31*1024*1024 -->
			<value>32505856</value>
		</property>
		<property name="maxInMemorySize">
			<value>4096</value>
		</property>
	</bean>

</beans>